ipc-image src,ipc-lockup-overlay href,ipc-title-link-wrapper href,ipc-title__text,ipc-inline-list__item,ipc-inline-list__item (2),ipc-inline-list__item (3),sc-9fe7b0ef-0,metacritic-score-label,ipc-rating-star--rating,ipc-rating-star--voteCount,ipc-html-content-inner-div,sc-35f5f4fb-3,ipc-link href,ipc-link,sc-35f5f4fb-3 (2),ipc-link href (2),ipc-link (2),ipc-link href (3),ipc-link (3),ipc-link href (4),ipc-link (4),ipc-html-content-inner-div (2),ipc-link href (5),ipc-link (5)
"https://m.media-amazon.com/images/M/MV5BNTc0YmQxMjEtODI5MC00NjFiLTlkMWUtOGQ5NjFmYWUyZGJhXkEyXkFqcGc@._V1_QL75_UX90_CR0,0,90,133_.jpg",https://www.imdb.com/title/tt15239678/?ref_=ls_i_1,https://www.imdb.com/title/tt15239678/?ref_=ls_t_1,1. Dune: Part Two,2024,2h 46m,PG-13,79,Metascore,8.4,(738K),"Paul Atreides unites with the Fremen while on a warpath of revenge against the conspirators who destroyed his family. Facing a choice between the love of his life and the fate of the universe, he endeavors to prevent a terrible future.",Director,https://www.imdb.com/name/nm0898288/?ref_=ls_li_1_1,Denis Villeneuve,Stars,https://www.imdb.com/name/nm3154303/?ref_=ls_li_2_1,Timothée Chalamet,https://www.imdb.com/name/nm3918035/?ref_=ls_li_2_2,Zendaya,https://www.imdb.com/name/nm0272581/?ref_=ls_li_2_3,Rebecca Ferguson,"Best Picture
Best Director: Denis Villeneuve
Best Vfx / CGI
Best Cinematography: Greig Fraser",,
"https://m.media-amazon.com/images/M/MV5BYThiN2M0NTItODRmNC00NDhlLWFiYTgtMWM2YTEyYzI3ZTY1XkEyXkFqcGc@._V1_QL75_UX90_CR0,0,90,133_.jpg",https://www.imdb.com/title/tt28607951/?ref_=ls_i_2,https://www.imdb.com/title/tt28607951/?ref_=ls_t_2,2. Anora,2024,2h 19m,R,91,Metascore,7.4,(271K),"A young stripper from Brooklyn meets and impulsively marries the son of a Russian oligarch. Once the news reaches Russia, her fairy tale is threatened as his parents set out for New York to get the marriage annulled.",Director,https://www.imdb.com/name/nm0048918/?ref_=ls_li_1_1,Sean Baker,Stars,https://www.imdb.com/name/nm5700898/?ref_=ls_li_2_1,Mikey Madison,https://www.imdb.com/name/nm0919311/?ref_=ls_li_2_2,Paul Weissman,https://www.imdb.com/name/nm7919330/?ref_=ls_li_2_3,Lindsey Normington,"""Sean Baker's film 'Anora' is a thought-provoking and unsettling portrayal of a complex relationship between Anora, a sex worker, and Ivan, a wealthy Russian nepotism baby. Their whirlwind romance is marked by transactional interactions, hedonistic excess, and a blurring of boundaries.

As the story unfolds, Anora's agency is repeatedly compromised, and she is treated as a pawn by those around her. Her identity is fragmented, and she struggles to distinguish between her authentic self and the persona she adopts for her work.

The film critiques capitalism and the exploitation of vulnerable individuals by the ultra-wealthy. Ivan's actions have devastating consequences for Anora, while he himself remains detached and unaccountable.

However, the character of Igor, one of the henchmen hired by Ivan's parents, adds a layer of complexity to the narrative. Despite his initial brutality, Igor displays a tender and awkward kindness towards Anora, which raises questions about the nature of their relationship and the power dynamics at play.

The film's conclusion is haunting and ambiguous, leaving the viewer with a sense of unease and uncertainty. Anora's attempt to escape her circumstances is ultimately thwarted, and she is left to confront the harsh realities of her situation. The final scene, in which Anora breaks down in tears in Igor's arms, is a poignant reminder of the fragility and vulnerability of those trapped in systems of exploitation.

Ultimately, 'Anora' presents a scathing critique of the societal structures that perpetuate inequality and exploitation. While offering a glimpse of solace and human connection, the film underscores the impossibility of true escape from these systems, leaving the viewer with a lasting sense of discomfort and unease.""
At the end, her pursuit of Igor, one of the henchmen, flits between being uncomfortably resemblant of Anora’s sex work and tender and romantic because Igor tries to view her as more than just an idea of romance or sex.

One of Anora's most obvious messages is its critique of capitalism. Anora is just a pawn in the ridiculous schemes of the ultra-wealthy. At the end of the day, their lives are unaffected, while hers has been changed over and over and over. Further, Ivan can just run away from all the problems he caused, while the rest of the four—including Anora—can not run from the problems he caused.
It's a must-watch movie of the year. Mikey Madison should be nominated for this role and win an Oscar.",,
"https://m.media-amazon.com/images/M/MV5BZDQ1NGE5MGMtYzdlZC00ODExLWJlMDMtNWU4NjA5OWYwMDEwXkEyXkFqcGc@._V1_QL75_UY133_CR1,0,90,133_.jpg",https://www.imdb.com/title/tt17526714/?ref_=ls_i_3,https://www.imdb.com/title/tt17526714/?ref_=ls_t_3,3. The Substance,2024,2h 21m,R,78,Metascore,7.2,(418K),"A fading celebrity takes a black-market drug: a cell-replicating substance that helps her create a younger, better version of herself.",Director,https://www.imdb.com/name/nm0267287/?ref_=ls_li_1_1,Coralie Fargeat,Stars,https://www.imdb.com/name/nm0000193/?ref_=ls_li_2_1,Demi Moore,https://www.imdb.com/name/nm4960279/?ref_=ls_li_2_2,Margaret Qualley,https://www.imdb.com/name/nm0000598/?ref_=ls_li_2_3,Dennis Quaid,,,
"https://m.media-amazon.com/images/M/MV5BZWNiZjVlZTUtNGUwYi00MjJmLTg2MDctNWEzYTJiMzY1ODc4XkEyXkFqcGc@._V1_QL75_UX90_CR0,4,90,133_.jpg",https://www.imdb.com/title/tt29623480/?ref_=ls_i_4,https://www.imdb.com/title/tt29623480/?ref_=ls_t_4,4. The Wild Robot,2024,1h 42m,PG,85,Metascore,8.2,(222K),A sentient robot stranded on an uninhabited island raises an orphaned gosling while trying to fit in with the local wildlife.,Director,https://www.imdb.com/name/nm0761498/?ref_=ls_li_1_1,Chris Sanders,Stars,https://www.imdb.com/name/nm2143282/?ref_=ls_li_2_1,Lupita Nyong'o,https://www.imdb.com/name/nm0050959/?ref_=ls_li_2_2,Pedro Pascal,https://www.imdb.com/name/nm5598573/?ref_=ls_li_2_3,Kit Connor,"The Wild Robot is a very well-made animated movie featuring a Tarzan robot's story. It's a love story between a humanoid robot and a gosling. This robot taught us many lessons about life.

1. Kindness is a survival skill surviving for a society.

2. The film is about the emotional and physical sacrifices parents make when raising children. It also explores the responsibilities of motherhood and parenting.

3. It explores the impact of technology on nature, animals, and the planet.

4. It explores the theme of selflessness and the well-being of others.

5. Try to do something beyond your programming. Try to change your nature from cruel to kind or bad to good.

Conclusion:

This robot teaches us the true meaning of love and sacrifice. She challenges the concept of family. She exemplifies that friendship is a give-and-take relationship. She shows that we truly are dependent on each other to survive.",,
,https://www.imdb.com/title/tt12037194/?ref_=ls_i_5,https://www.imdb.com/title/tt12037194/?ref_=ls_t_5,5. Furiosa: A Mad Max Saga,2024,2h 28m,R,79,Metascore,7.5,(319K),"After being snatched from the Green Place of Many Mothers, while the tyrants Dementus and Immortan Joe fight for power and control, the young Furiosa must survive many trials as she puts together the means to find her way home.",Director,https://www.imdb.com/name/nm0004306/?ref_=ls_li_1_1,George Miller,Stars,https://www.imdb.com/name/nm5896355/?ref_=ls_li_2_1,Anya Taylor-Joy,https://www.imdb.com/name/nm1165110/?ref_=ls_li_2_2,Chris Hemsworth,https://www.imdb.com/name/nm0121895/?ref_=ls_li_2_3,Tom Burke,,,
,https://www.imdb.com/title/tt26548265/?ref_=ls_i_6,https://www.imdb.com/title/tt26548265/?ref_=ls_t_6,6. Maharaja,2024,2h 21m,,,,8.3,(82K),"A barber seeks vengeance after his home is burglarized, cryptically telling police his ""lakshmi"" has been taken, leaving them uncertain if it's a person or object. His quest to recover the elusive ""lakshmi"" unfolds.",Directors,https://www.imdb.com/name/nm18314533/?ref_=ls_li_1_1,R. Nandhakumar,Stars,https://www.imdb.com/name/nm9204865/?ref_=ls_li_1_2,Nithilan Saminathan,https://www.imdb.com/name/nm18314534/?ref_=ls_li_1_3,T. Suresh,https://www.imdb.com/name/nm4043111/?ref_=ls_li_2_1,Vijay Sethupathi,,https://www.imdb.com/name/nm0440604/?ref_=ls_li_2_2,Anurag Kashyap
,https://www.imdb.com/title/tt5040012/?ref_=ls_i_7,https://www.imdb.com/title/tt5040012/?ref_=ls_t_7,7. Nosferatu,2024,2h 12m,R,78,Metascore,7.1,(265K),"A gothic tale of obsession between a haunted young woman and the terrifying vampire infatuated with her, causing untold horror in its wake.",Director,https://www.imdb.com/name/nm3211470/?ref_=ls_li_1_1,Robert Eggers,Stars,https://www.imdb.com/name/nm6675440/?ref_=ls_li_2_1,Lily-Rose Depp,https://www.imdb.com/name/nm0396558/?ref_=ls_li_2_2,Nicholas Hoult,https://www.imdb.com/name/nm0803889/?ref_=ls_li_2_3,Bill Skarsgård,,,
,https://www.imdb.com/title/tt28259207/?ref_=ls_i_8,https://www.imdb.com/title/tt28259207/?ref_=ls_t_8,8. Kill,2023,1h 45m,R,74,Metascore,7.4,(46K),"During a train trip to New Delhi, a pair of commandos face an army of invading bandits.",Director,https://www.imdb.com/name/nm2418372/?ref_=ls_li_1_1,Nikhil Nagesh Bhat,Stars,https://www.imdb.com/name/nm7786671/?ref_=ls_li_2_1,Lakshya,https://www.imdb.com/name/nm5644335/?ref_=ls_li_2_2,Raghav Juyal,https://www.imdb.com/name/nm9584442/?ref_=ls_li_2_3,Tanya Maniktala,,,
,https://www.imdb.com/title/tt20215234/?ref_=ls_i_9,https://www.imdb.com/title/tt20215234/?ref_=ls_t_9,9. Conclave,2024,2h,PG,79,Metascore,7.4,(258K),"When Cardinal Lawrence is tasked with leading the selection of a new Pope, he finds himself in a web of conspiracy and intrigue that could shake the very foundations of the Catholic Church.",Director,https://www.imdb.com/name/nm0074163/?ref_=ls_li_1_1,Edward Berger,Stars,https://www.imdb.com/name/nm0000146/?ref_=ls_li_2_1,Ralph Fiennes,https://www.imdb.com/name/nm0001804/?ref_=ls_li_2_2,Stanley Tucci,https://www.imdb.com/name/nm0001475/?ref_=ls_li_2_3,John Lithgow,,,
,https://www.imdb.com/title/tt1262426/?ref_=ls_i_10,https://www.imdb.com/title/tt1262426/?ref_=ls_t_10,10. Wicked,2024,2h 40m,PG,73,Metascore,7.3,(229K),"Elphaba, a young woman ridiculed for her green skin, and Galinda, a popular girl, become friends at Shiz University in the Land of Oz. After an encounter with the Wonderful Wizard of Oz, their friendship reaches a crossroads.",Director,https://www.imdb.com/name/nm0160840/?ref_=ls_li_1_1,Jon M. Chu,Stars,https://www.imdb.com/name/nm7248827/?ref_=ls_li_2_1,Cynthia Erivo,https://www.imdb.com/name/nm3812858/?ref_=ls_li_2_2,Ariana Grande,https://www.imdb.com/name/nm0000156/?ref_=ls_li_2_3,Jeff Goldblum,,,
,https://www.imdb.com/title/tt8999762/?ref_=ls_i_11,https://www.imdb.com/title/tt8999762/?ref_=ls_t_11,11. The Brutalist,2024,3h 36m,R,91,Metascore,7.2,(137K),A visionary architect flees post-war Europe in 1947 for a brighter future in the United States and finds his life forever changed by a wealthy client.,Director,https://www.imdb.com/name/nm1227232/?ref_=ls_li_1_1,Brady Corbet,Stars,https://www.imdb.com/name/nm0004778/?ref_=ls_li_2_1,Adrien Brody,https://www.imdb.com/name/nm0428065/?ref_=ls_li_2_2,Felicity Jones,https://www.imdb.com/name/nm0001602/?ref_=ls_li_2_3,Guy Pearce,,,
,https://www.imdb.com/title/tt9218128/?ref_=ls_i_12,https://www.imdb.com/title/tt9218128/?ref_=ls_t_12,12. Gladiator II,2024,2h 28m,R,64,Metascore,6.5,(294K),"After his home is conquered by the tyrannical emperors who now lead Rome, Lucius is forced to enter the Colosseum and must look to his past to find strength to return the glory of Rome to its people.",Director,https://www.imdb.com/name/nm0000631/?ref_=ls_li_1_1,Ridley Scott,Stars,https://www.imdb.com/name/nm8958770/?ref_=ls_li_2_1,Paul Mescal,https://www.imdb.com/name/nm0000243/?ref_=ls_li_2_2,Denzel Washington,https://www.imdb.com/name/nm0050959/?ref_=ls_li_2_3,Pedro Pascal,,,
,https://www.imdb.com/title/tt17279496/?ref_=ls_i_13,https://www.imdb.com/title/tt17279496/?ref_=ls_t_13,13. Civil War,2024,1h 49m,R,75,Metascore,7.0,(268K),"In the midst of a U.S. civil war, four reporters make the dangerous trip to the capital to interview the president before he is overthrown.",Director,https://www.imdb.com/name/nm0307497/?ref_=ls_li_1_1,Alex Garland,Stars,https://www.imdb.com/name/nm0000379/?ref_=ls_li_2_1,Kirsten Dunst,https://www.imdb.com/name/nm0609944/?ref_=ls_li_2_2,Wagner Moura,https://www.imdb.com/name/nm8314228/?ref_=ls_li_2_3,Cailee Spaeny,,,
,https://www.imdb.com/title/tt16426418/?ref_=ls_i_14,https://www.imdb.com/title/tt16426418/?ref_=ls_t_14,14. Challengers,2024,2h 11m,R,82,Metascore,7.0,(178K),"Tashi, a former tennis prodigy-turned-coach, transformed her husband into a champion. But to overcome a recent losing streak and redeem himself, he'll need to face off against his former best friend--Tashi's ex-boyfriend.",Director,https://www.imdb.com/name/nm0345174/?ref_=ls_li_1_1,Luca Guadagnino,Stars,https://www.imdb.com/name/nm4576311/?ref_=ls_li_2_1,Mike Faist,https://www.imdb.com/name/nm4853066/?ref_=ls_li_2_2,Josh O'Connor,https://www.imdb.com/name/nm3918035/?ref_=ls_li_2_3,Zendaya,,,
,https://www.imdb.com/title/tt26446278/?ref_=ls_i_15,https://www.imdb.com/title/tt26446278/?ref_=ls_t_15,15. The Count of Monte Cristo,2024,2h 58m,Not Rated,75,Metascore,7.6,(48K),"After escaping from an island prison where he spent 14 years for being wrongly accused of state treason, Edmond Dantès returns as the count of Monte Cristo to exact revenge on the men who betrayed him.",Directors,https://www.imdb.com/name/nm0478799/?ref_=ls_li_1_1,Alexandre de La Patellière,Stars,https://www.imdb.com/name/nm1141181/?ref_=ls_li_1_2,Matthieu Delaporte,https://www.imdb.com/name/nm2582755/?ref_=ls_li_2_1,Pierre Niney,https://www.imdb.com/name/nm3319078/?ref_=ls_li_2_2,Bastien Bouillon,,https://www.imdb.com/name/nm1326732/?ref_=ls_li_2_3,Anaïs Demoustier
,https://www.imdb.com/title/tt8368368/?ref_=ls_i_16,https://www.imdb.com/title/tt8368368/?ref_=ls_t_16,16. The Apprentice,2024,2h 2m,R,64,Metascore,7.1,(73K),"A young man took over his father's real-estate business in 1970s and '80s New York, and got the helping hand of an infamous closeted gay lawyer who helped him turn this young man into a notorious legend. Based on true events.",Director,https://www.imdb.com/name/nm4389150/?ref_=ls_li_1_1,Ali Abbasi,Stars,https://www.imdb.com/name/nm1659221/?ref_=ls_li_2_1,Sebastian Stan,https://www.imdb.com/name/nm0834989/?ref_=ls_li_2_2,Jeremy Strong,https://www.imdb.com/name/nm0233027/?ref_=ls_li_2_3,Martin Donovan,,,
,https://www.imdb.com/title/tt27131358/?ref_=ls_i_17,https://www.imdb.com/title/tt27131358/?ref_=ls_t_17,17. We Live in Time,2024,1h 48m,R,59,Metascore,7.0,(72K),"After an unusual encounter, a talented chef and a recently divorcée fall in love and build the home and family they've always dreamed of, until a painful truth puts their love story to the test.",Director,https://www.imdb.com/name/nm1259871/?ref_=ls_li_1_1,John Crowley,Stars,https://www.imdb.com/name/nm1940449/?ref_=ls_li_2_1,Andrew Garfield,https://www.imdb.com/name/nm6073955/?ref_=ls_li_2_2,Florence Pugh,https://www.imdb.com/name/nm16435970/?ref_=ls_li_2_3,Grace Delaney,,,
,https://www.imdb.com/title/tt27403986/?ref_=ls_i_18,https://www.imdb.com/title/tt27403986/?ref_=ls_t_18,18. Juror #2,2024,1h 54m,PG-13,72,Metascore,7.0,(125K),"While serving as a juror in a high-profile murder trial, a family man finds himself struggling with a serious moral dilemma, one he could use to sway the jury verdict and potentially convict or free the wrong killer.",Director,https://www.imdb.com/name/nm0000142/?ref_=ls_li_1_1,Clint Eastwood,Stars,https://www.imdb.com/name/nm0396558/?ref_=ls_li_2_1,Nicholas Hoult,https://www.imdb.com/name/nm0001057/?ref_=ls_li_2_2,Toni Collette,https://www.imdb.com/name/nm0799777/?ref_=ls_li_2_3,J.K. Simmons,,,
,https://www.imdb.com/title/tt20215968/?ref_=ls_i_19,https://www.imdb.com/title/tt20215968/?ref_=ls_t_19,19. Hit Man,2023,1h 55m,R,82,Metascore,6.8,(131K),"A professor moonlighting as a hit man of sorts for his city police department, descends into dangerous, dubious territory when he finds himself attracted to a woman who enlists his services.",Director,https://www.imdb.com/name/nm0000500/?ref_=ls_li_1_1,Richard Linklater,Stars,https://www.imdb.com/name/nm1412974/?ref_=ls_li_2_1,Glen Powell,https://www.imdb.com/name/nm5245722/?ref_=ls_li_2_2,Adria Arjona,https://www.imdb.com/name/nm3994184/?ref_=ls_li_2_3,Austin Amelio,,,
,https://www.imdb.com/title/tt4919268/?ref_=ls_i_20,https://www.imdb.com/title/tt4919268/?ref_=ls_t_20,20. Bad Boys: Ride or Die,2024,1h 55m,R,54,Metascore,6.5,(113K),"When their late police captain gets linked to drug cartels, wisecracking Miami cops Mike Lowrey and Marcus Burnett embark on a dangerous mission to clear his name.",Directors,https://www.imdb.com/name/nm4816401/?ref_=ls_li_1_1,Adil El Arbi,Stars,https://www.imdb.com/name/nm4263190/?ref_=ls_li_1_2,Bilall Fallah,https://www.imdb.com/name/nm0000226/?ref_=ls_li_2_1,Will Smith,https://www.imdb.com/name/nm0001454/?ref_=ls_li_2_2,Martin Lawrence,,https://www.imdb.com/name/nm1227814/?ref_=ls_li_2_3,Vanessa Hudgens
,https://www.imdb.com/title/tt11389872/?ref_=ls_i_21,https://www.imdb.com/title/tt11389872/?ref_=ls_t_21,21. Kingdom of the Planet of the Apes,2024,2h 25m,PG-13,66,Metascore,6.8,(168K),"Many years after the reign of Caesar, a young ape goes on a journey that will lead him to question everything he's been taught about the past and make choices that will define a future for apes and humans alike.",Director,https://www.imdb.com/name/nm1226871/?ref_=ls_li_1_1,Wes Ball,Stars,https://www.imdb.com/name/nm4977122/?ref_=ls_li_2_1,Owen Teague,https://www.imdb.com/name/nm8463347/?ref_=ls_li_2_2,Freya Allan,https://www.imdb.com/name/nm0243806/?ref_=ls_li_2_3,Kevin Durand,,,
,https://www.imdb.com/title/tt5112584/?ref_=ls_i_22,https://www.imdb.com/title/tt5112584/?ref_=ls_t_22,22. Lee,2023,1h 57m,R,62,Metascore,6.9,(35K),"War correspondent Lee Miller travels to the front lines of World War II to embark on a mission to uncover the hidden truths of the Third Reich. But in the wake of betrayal, a reckoning will come over the truths of her own past.",Director,https://www.imdb.com/name/nm0475578/?ref_=ls_li_1_1,Ellen Kuras,Stars,https://www.imdb.com/name/nm0000701/?ref_=ls_li_2_1,Kate Winslet,https://www.imdb.com/name/nm1676221/?ref_=ls_li_2_2,Andy Samberg,https://www.imdb.com/name/nm0002907/?ref_=ls_li_2_3,Alexander Skarsgård,,,
,https://www.imdb.com/title/tt11301886/?ref_=ls_i_23,https://www.imdb.com/title/tt11301886/?ref_=ls_t_23,23. Rebel Ridge,2024,2h 11m,TV-MA,76,Metascore,6.8,(102K),A former Marine grapples his way through a web of small-town corruption when an attempt to post bail for his cousin escalates into a violent standoff with the local police chief.,Director,https://www.imdb.com/name/nm1099918/?ref_=ls_li_1_1,Jeremy Saulnier,Stars,https://www.imdb.com/name/nm7543974/?ref_=ls_li_2_1,Aaron Pierre,https://www.imdb.com/name/nm0000467/?ref_=ls_li_2_2,Don Johnson,https://www.imdb.com/name/nm1455681/?ref_=ls_li_2_3,AnnaSophia Robb,,,
,https://www.imdb.com/title/tt21097228/?ref_=ls_i_24,https://www.imdb.com/title/tt21097228/?ref_=ls_t_24,24. A Different Man,2024,1h 52m,R,78,Metascore,6.9,(38K),"An aspiring actor undergoes a radical medical procedure to drastically transform his appearance, but his new dream face quickly turns into a nightmare.",Director,https://www.imdb.com/name/nm3661688/?ref_=ls_li_1_1,Aaron Schimberg,Stars,https://www.imdb.com/name/nm1659221/?ref_=ls_li_2_1,Sebastian Stan,https://www.imdb.com/name/nm4561559/?ref_=ls_li_2_2,Renate Reinsve,https://www.imdb.com/name/nm3138924/?ref_=ls_li_2_3,Adam Pearson,,,
,https://www.imdb.com/title/tt23137904/?ref_=ls_i_25,https://www.imdb.com/title/tt23137904/?ref_=ls_t_25,25. Rebel Moon - Part Two: The Scargiver,2024,2h 2m,PG-13,35,Metascore,5.3,(64K),"Kora and surviving warriors prepare to defend Veldt, their new home, alongside its people against the Realm. The warriors face their pasts, revealing their motivations before the Realm's forces arrive to crush the growing rebellion.",Director,https://www.imdb.com/name/nm0811583/?ref_=ls_li_1_1,Zack Snyder,Stars,https://www.imdb.com/name/nm1154749/?ref_=ls_li_2_1,Sofia Boutella,https://www.imdb.com/name/nm0005023/?ref_=ls_li_2_2,Djimon Hounsou,https://www.imdb.com/name/nm4534098/?ref_=ls_li_2_3,Ed Skrein,,,
,https://www.imdb.com/title/tt18412256/?ref_=ls_i_26,https://www.imdb.com/title/tt18412256/?ref_=ls_t_26,26. Alien: Romulus,2024,1h 59m,R,64,Metascore,7.1,(286K),"While scavenging the deep ends of a derelict space station, a group of young space colonists come face to face with the most terrifying life form in the universe.",Director,https://www.imdb.com/name/nm1793079/?ref_=ls_li_1_1,Fede Alvarez,Stars,https://www.imdb.com/name/nm8314228/?ref_=ls_li_2_1,Cailee Spaeny,https://www.imdb.com/name/nm9657438/?ref_=ls_li_2_2,David Jonsson,https://www.imdb.com/name/nm8850556/?ref_=ls_li_2_3,Archie Renaux,,,
,https://www.imdb.com/title/tt32495687/?ref_=ls_i_27,https://www.imdb.com/title/tt32495687/?ref_=ls_t_27,27. Sookshma Darshini,2024,2h 22m,,,,7.8,(13K),"Manuel returns with his mother to their former home in a middle-class neighbourhood. Suspicious of his intentions, Priyadarshini and her friends begin gathering clues, convinced he may be hiding something sinister.",Director,https://www.imdb.com/name/nm9887147/?ref_=ls_li_1_1,Mc Jithin,Stars,https://www.imdb.com/name/nm2601111/?ref_=ls_li_2_1,Nazriya Nazim,https://www.imdb.com/name/nm7243877/?ref_=ls_li_2_2,Basil Joseph,https://www.imdb.com/name/nm14470962/?ref_=ls_li_2_3,Akhila Bhargavan,,,
,https://www.imdb.com/title/tt26936666/?ref_=ls_i_28,https://www.imdb.com/title/tt26936666/?ref_=ls_t_28,28. Vettaiyan,2024,2h 43m,,,,6.9,(41K),Ruthless criminal activity is met with force from a maverick police officer with a disregard for the rules as he confronts an outbreak of lawlessness.,Director,https://www.imdb.com/name/nm4377096/?ref_=ls_li_1_1,T.J. Gnanavel,Stars,https://www.imdb.com/name/nm0707425/?ref_=ls_li_2_1,Rajinikanth,https://www.imdb.com/name/nm0000821/?ref_=ls_li_2_2,Amitabh Bachchan,https://www.imdb.com/name/nm1335704/?ref_=ls_li_2_3,Fahadh Faasil,,,
,https://www.imdb.com/title/tt12584954/?ref_=ls_i_29,https://www.imdb.com/title/tt12584954/?ref_=ls_t_29,29. Twisters,2024,2h 2m,PG-13,65,Metascore,6.5,(195K),"Kate Carter, a retired tornado-chaser and meteorologist, is persuaded to return to Oklahoma to work with a new team and new technologies.",Director,https://www.imdb.com/name/nm1818032/?ref_=ls_li_1_1,Lee Isaac Chung,Stars,https://www.imdb.com/name/nm8402992/?ref_=ls_li_2_1,Daisy Edgar-Jones,https://www.imdb.com/name/nm1412974/?ref_=ls_li_2_2,Glen Powell,https://www.imdb.com/name/nm6588867/?ref_=ls_li_2_3,Anthony Ramos,6.5,,
,https://www.imdb.com/title/tt9214772/?ref_=ls_i_30,https://www.imdb.com/title/tt9214772/?ref_=ls_t_30,30. Monkey Man,2024,2h 1m,R,70,Metascore,6.8,(100K),An anonymous young man unleashes a campaign of vengeance against the corrupt leaders who murdered his mother and continue to systematically victimize the poor and powerless.,Director,https://www.imdb.com/name/nm2353862/?ref_=ls_li_1_1,Dev Patel,Stars,https://www.imdb.com/name/nm2353862/?ref_=ls_li_2_1,Dev Patel,https://www.imdb.com/name/nm1663205/?ref_=ls_li_2_2,Sharlto Copley,https://www.imdb.com/name/nm3329873/?ref_=ls_li_2_3,Pitobash,,,
,https://www.imdb.com/title/tt12735488/?ref_=ls_i_31,https://www.imdb.com/title/tt12735488/?ref_=ls_t_31,31. Kalki 2898 AD,2024,3h,Not Rated,65,Metascore,7.0,(76K),A pregnant woman comes under the protection of an immortal warrior while being tracked down by bounty hunters.,Director,https://www.imdb.com/name/nm5645455/?ref_=ls_li_1_1,Nag Ashwin,Stars,https://www.imdb.com/name/nm1659141/?ref_=ls_li_2_1,Prabhas,https://www.imdb.com/name/nm0000821/?ref_=ls_li_2_2,Amitabh Bachchan,https://www.imdb.com/name/nm0352032/?ref_=ls_li_2_3,Kamal Haasan,,,
,https://www.imdb.com/title/tt22375054/?ref_=ls_i_32,https://www.imdb.com/title/tt22375054/?ref_=ls_t_32,32. Strange Darling,2023,1h 37m,R,80,Metascore,7.0,(69K),Nothing is what it seems when a twisted one-night stand spirals into a serial killer's vicious murder spree.,Director,https://www.imdb.com/name/nm2356768/?ref_=ls_li_1_1,JT Mollner,Stars,https://www.imdb.com/name/nm2560618/?ref_=ls_li_2_1,Willa Fitzgerald,https://www.imdb.com/name/nm0973177/?ref_=ls_li_2_2,Kyle Gallner,https://www.imdb.com/name/nm2295293/?ref_=ls_li_2_3,Madisen Beaty,,,
,https://www.imdb.com/title/tt23468450/?ref_=ls_i_33,https://www.imdb.com/title/tt23468450/?ref_=ls_t_33,33. Longlegs,2024,1h 41m,R,77,Metascore,6.5,(223K),"In pursuit of a serial killer, an FBI agent uncovers a series of occult clues that she must solve to end his terrifying killing spree.",Director,https://www.imdb.com/name/nm0674020/?ref_=ls_li_1_1,Osgood Perkins,Stars,https://www.imdb.com/name/nm2140860/?ref_=ls_li_2_1,Maika Monroe,https://www.imdb.com/name/nm0000115/?ref_=ls_li_2_2,Nicolas Cage,https://www.imdb.com/name/nm0005516/?ref_=ls_li_2_3,Blair Underwood,,,
,https://www.imdb.com/title/tt29268110/?ref_=ls_i_34,https://www.imdb.com/title/tt29268110/?ref_=ls_t_34,34. Smile 2,2024,2h 7m,R,67,Metascore,6.7,(141K),"About to embark on a world tour, global pop sensation Skye Riley begins experiencing increasingly terrifying and inexplicable events. Overwhelmed by the escalating horrors and the pressures of fame, Skye is forced to face her past.",Director,https://www.imdb.com/name/nm6475689/?ref_=ls_li_1_1,Parker Finn,Stars,https://www.imdb.com/name/nm4305463/?ref_=ls_li_2_1,Naomi Scott,https://www.imdb.com/name/nm1679669/?ref_=ls_li_2_2,Rosemarie DeWitt,https://www.imdb.com/name/nm4965072/?ref_=ls_li_2_3,Lukas Gage,,,
,https://www.imdb.com/title/tt27802490/?ref_=ls_i_35,https://www.imdb.com/title/tt27802490/?ref_=ls_t_35,35. Exhuma,2024,2h 14m,,80,Metascore,6.9,(29K),The process of excavating an ominous grave unleashes dreadful consequences buried underneath.,Director,https://www.imdb.com/name/nm6940206/?ref_=ls_li_1_1,Jang Jae-hyun,Stars,https://www.imdb.com/name/nm0158856/?ref_=ls_li_2_1,Choi Min-sik,https://www.imdb.com/name/nm1954446/?ref_=ls_li_2_2,Kim Go-eun,https://www.imdb.com/name/nm1041999/?ref_=ls_li_2_3,Yoo Hai Jin,,,
,https://www.imdb.com/title/tt1684562/?ref_=ls_i_36,https://www.imdb.com/title/tt1684562/?ref_=ls_t_36,36. The Fall Guy,2024,2h 6m,PG-13,73,Metascore,6.8,(262K),"A stuntman, fresh off an almost career-ending accident, has to track down a missing movie star, solve a conspiracy and try to win back the love of his life while still doing his day job.",Director,https://www.imdb.com/name/nm0500610/?ref_=ls_li_1_1,David Leitch,Stars,https://www.imdb.com/name/nm0331516/?ref_=ls_li_2_1,Ryan Gosling,https://www.imdb.com/name/nm1289434/?ref_=ls_li_2_2,Emily Blunt,https://www.imdb.com/name/nm1093951/?ref_=ls_li_2_3,Aaron Taylor-Johnson,,,
,https://www.imdb.com/title/tt16539454/?ref_=ls_i_37,https://www.imdb.com/title/tt16539454/?ref_=ls_t_37,37. Pushpa: The Rule - Part 2,2024,3h 21m,Not Rated,,,6.0,(67K),"As his smuggling empire grows, a brazen Pushpa longs for power and respect on his vengeful journey, while facing old rivals and new.",Director,https://www.imdb.com/name/nm1335875/?ref_=ls_li_1_1,Sukumar,Stars,https://www.imdb.com/name/nm1084853/?ref_=ls_li_2_1,Allu Arjun,https://www.imdb.com/name/nm8612305/?ref_=ls_li_2_2,Rashmika Mandanna,https://www.imdb.com/name/nm1335704/?ref_=ls_li_2_3,Fahadh Faasil,,,
,https://www.imdb.com/title/tt6263850/?ref_=ls_i_38,https://www.imdb.com/title/tt6263850/?ref_=ls_t_38,38. Deadpool & Wolverine,2024,2h 8m,R,56,Metascore,7.5,(566K),"Deadpool is offered a place in the Marvel Cinematic Universe by the Time Variance Authority, but instead recruits a variant of Wolverine to save his universe from extinction.",Director,https://www.imdb.com/name/nm0506613/?ref_=ls_li_1_1,Shawn Levy,Stars,https://www.imdb.com/name/nm0005351/?ref_=ls_li_2_1,Ryan Reynolds,https://www.imdb.com/name/nm0413168/?ref_=ls_li_2_2,Hugh Jackman,https://www.imdb.com/name/nm10128408/?ref_=ls_li_2_3,Emma Corrin,,,
,https://www.imdb.com/title/tt14539740/?ref_=ls_i_39,https://www.imdb.com/title/tt14539740/?ref_=ls_t_39,39. Godzilla X Kong: The New Empire,2024,1h 55m,PG-13,47,Metascore,6.0,(135K),"Two ancient titans, Godzilla and Kong, clash in an epic battle as humans unravel their intertwined origins and connection to Skull Island's mysteries.",Director,https://www.imdb.com/name/nm1417392/?ref_=ls_li_1_1,Adam Wingard,Stars,https://www.imdb.com/name/nm0356017/?ref_=ls_li_2_1,Rebecca Hall,https://www.imdb.com/name/nm3109964/?ref_=ls_li_2_2,Brian Tyree Henry,https://www.imdb.com/name/nm1405398/?ref_=ls_li_2_3,Dan Stevens,,,
,https://www.imdb.com/title/tt13433802/?ref_=ls_i_40,https://www.imdb.com/title/tt13433802/?ref_=ls_t_40,40. A Quiet Place: Day One,2024,1h 39m,PG-13,68,Metascore,6.3,(176K),A young woman named Sam finds herself trapped in New York City during the early stages of an invasion by alien creatures with ultra-sensitive hearing.,Director,https://www.imdb.com/name/nm3968825/?ref_=ls_li_1_1,Michael Sarnoski,Stars,https://www.imdb.com/name/nm2143282/?ref_=ls_li_2_1,Lupita Nyong'o,https://www.imdb.com/name/nm4806449/?ref_=ls_li_2_2,Joseph Quinn,https://www.imdb.com/name/nm1842974/?ref_=ls_li_2_3,Alex Wolff,,,
,https://www.imdb.com/title/tt5177120/?ref_=ls_i_41,https://www.imdb.com/title/tt5177120/?ref_=ls_t_41,41. The Ministry of Ungentlemanly Warfare,2024,2h 2m,R,55,Metascore,6.8,(157K),The British military recruits a small group of highly skilled soldiers to strike against German forces behind enemy lines during World War II.,Director,https://www.imdb.com/name/nm0005363/?ref_=ls_li_1_1,Guy Ritchie,Stars,https://www.imdb.com/name/nm0147147/?ref_=ls_li_2_1,Henry Cavill,https://www.imdb.com/name/nm2024927/?ref_=ls_li_2_2,Alan Ritchson,https://www.imdb.com/name/nm1641117/?ref_=ls_li_2_3,Alex Pettyfer,,,
,https://www.imdb.com/title/tt3359350/?ref_=ls_i_42,https://www.imdb.com/title/tt3359350/?ref_=ls_t_42,42. Road House,2024,2h 1m,R,57,Metascore,6.2,(185K),"Ex-UFC fighter Dalton takes a job as a bouncer at a Florida Keys roadhouse, only to discover that this paradise is not all it seems.",Director,https://www.imdb.com/name/nm0510731/?ref_=ls_li_1_1,Doug Liman,Stars,https://www.imdb.com/name/nm0350453/?ref_=ls_li_2_1,Jake Gyllenhaal,https://www.imdb.com/name/nm6403016/?ref_=ls_li_2_2,Daniela Melchior,https://www.imdb.com/name/nm6135552/?ref_=ls_li_2_3,Conor McGregor,,,
,https://www.imdb.com/title/tt23137390/?ref_=ls_i_43,https://www.imdb.com/title/tt23137390/?ref_=ls_t_43,43. Immaculate,2024,1h 29m,R,57,Metascore,5.8,(61K),"Cecilia, a woman of devout faith, is warmly welcomed to the picture-perfect Italian countryside where she is offered a new role at an illustrious convent. But it becomes clear to Cecilia that her new home harbors dark and horrifying secrets.",Director,https://www.imdb.com/name/nm2278537/?ref_=ls_li_1_1,Michael Mohan,Stars,https://www.imdb.com/name/nm2858875/?ref_=ls_li_2_1,Sydney Sweeney,https://www.imdb.com/name/nm1486647/?ref_=ls_li_2_2,Álvaro Morte,https://www.imdb.com/name/nm6350234/?ref_=ls_li_2_3,Simona Tabasco,,,
,https://www.imdb.com/title/tt31723358/?ref_=ls_i_44,https://www.imdb.com/title/tt31723358/?ref_=ls_t_44,44. Tell Me What You Want,2024,1h 54m,,,,4.1,(2.5K),"After his father's death, Eric Zimmerman travels to Spain to oversee his company's branches. In Madrid, he falls for Judith and engage in an intense, erotic relationship full of exploration. Eric fears his secret may end their affair.",Director,https://www.imdb.com/name/nm5783069/?ref_=ls_li_1_1,Lucía Alemany,Stars,https://www.imdb.com/name/nm12149893/?ref_=ls_li_2_1,Gabriela Andrada,https://www.imdb.com/name/nm5452749/?ref_=ls_li_2_2,Mario Ermito,https://www.imdb.com/name/nm2033210/?ref_=ls_li_2_3,Celia Freijeiro,,,
,https://www.imdb.com/title/tt21823606/?ref_=ls_i_45,https://www.imdb.com/title/tt21823606/?ref_=ls_t_45,45. A Real Pain,2024,1h 30m,R,85,Metascore,7.0,(141K),"Mismatched cousins reunite for a tour through Poland to honor their beloved grandmother, but their old tensions resurface against the backdrop of their family history.",Director,https://www.imdb.com/name/nm0251986/?ref_=ls_li_1_1,Jesse Eisenberg,Stars,https://www.imdb.com/name/nm0001085/?ref_=ls_li_2_1,Kieran Culkin,https://www.imdb.com/name/nm0251986/?ref_=ls_li_2_2,Jesse Eisenberg,https://www.imdb.com/name/nm6159473/?ref_=ls_li_2_3,Olha Bosova,,,
,https://www.imdb.com/title/tt15314262/?ref_=ls_i_46,https://www.imdb.com/title/tt15314262/?ref_=ls_t_46,46. The Beekeeper,2024,1h 45m,R,53,Metascore,6.3,(180K),A former operative of a powerful organization embarks on a brutal campaign for vengeance.,Director,https://www.imdb.com/name/nm0043742/?ref_=ls_li_1_1,David Ayer,Stars,https://www.imdb.com/name/nm0005458/?ref_=ls_li_2_1,Jason Statham,https://www.imdb.com/name/nm8287501/?ref_=ls_li_2_2,Emmy Raver-Lampman,https://www.imdb.com/name/nm2373989/?ref_=ls_li_2_3,Bobby Naderi,,,
,https://www.imdb.com/title/tt28105944/?ref_=ls_i_47,https://www.imdb.com/title/tt28105944/?ref_=ls_t_47,47. Through My Window: Looking at You,2024,1h 45m,TV-MA,,,5.5,(6.8K),"After the events of the summer, Ares and Raquel can't find a way to carry on their relationship and decide to go their separate ways. When they see each other again in winter, the love and attraction they feel for each other is undeniable.",Director,https://www.imdb.com/name/nm2253409/?ref_=ls_li_1_1,Marçal Forés,Stars,https://www.imdb.com/name/nm12494183/?ref_=ls_li_2_1,Clara Galle,https://www.imdb.com/name/nm10207998/?ref_=ls_li_2_2,Julio Peña,https://www.imdb.com/name/nm12494184/?ref_=ls_li_2_3,Natalia Azahara,,,
,https://www.imdb.com/title/tt30057084/?ref_=ls_i_48,https://www.imdb.com/title/tt30057084/?ref_=ls_t_48,48. Babygirl,2024,1h 54m,R,79,Metascore,5.8,(81K),A high-powered CEO puts her career and family on the line when she begins a torrid affair with her much-younger intern.,Director,https://www.imdb.com/name/nm0717603/?ref_=ls_li_1_1,Halina Reijn,Stars,https://www.imdb.com/name/nm0000173/?ref_=ls_li_2_1,Nicole Kidman,https://www.imdb.com/name/nm6170168/?ref_=ls_li_2_2,Harris Dickinson,https://www.imdb.com/name/nm0000104/?ref_=ls_li_2_3,Antonio Banderas,,,
,https://www.imdb.com/title/tt28015403/?ref_=ls_i_49,https://www.imdb.com/title/tt28015403/?ref_=ls_t_49,49. Heretic,2024,1h 51m,R,71,Metascore,7.0,(225K),Two young religious women are drawn into a game of cat-and-mouse in the house of a strange man.,Directors,https://www.imdb.com/name/nm1399714/?ref_=ls_li_1_1,Scott Beck,Stars,https://www.imdb.com/name/nm1456816/?ref_=ls_li_1_2,Bryan Woods,https://www.imdb.com/name/nm0000424/?ref_=ls_li_2_1,Hugh Grant,https://www.imdb.com/name/nm7393303/?ref_=ls_li_2_2,Sophie Thatcher,,https://www.imdb.com/name/nm5557379/?ref_=ls_li_2_3,Chloe East
,https://www.imdb.com/title/tt14824600/?ref_=ls_i_50,https://www.imdb.com/title/tt14824600/?ref_=ls_t_50,50. The Lord of the Rings: The War of the Rohirrim,2024,2h 14m,PG-13,54,Metascore,6.3,(40K),"A sudden attack by Wulf, a clever and traitorous lord of Rohan seeking vengeance for the death of his father, forces Helm Hammerhand, the King of Rohan, and his people to make a daring last stand in the ancient stronghold of the Hornburg.",Director,https://www.imdb.com/name/nm0436784/?ref_=ls_li_1_1,Kenji Kamiyama,Stars,https://www.imdb.com/name/nm0004051/?ref_=ls_li_2_1,Brian Cox,https://www.imdb.com/name/nm3230329/?ref_=ls_li_2_2,Gaia Wise,https://www.imdb.com/name/nm0001584/?ref_=ls_li_2_3,Miranda Otto,,,
,https://www.imdb.com/title/tt2049403/?ref_=ls_i_51,https://www.imdb.com/title/tt2049403/?ref_=ls_t_51,51. Beetlejuice Beetlejuice,2024,1h 45m,PG-13,62,Metascore,6.6,(174K),"After a family tragedy, three generations of the Deetz family return home to Winter River. Still haunted by Beetlejuice, Lydia's life is turned upside down when her teenage daughter, Astrid, accidentally opens the portal to the Afterlife.",Director,https://www.imdb.com/name/nm0000318/?ref_=ls_li_1_1,Tim Burton,Stars,https://www.imdb.com/name/nm0000474/?ref_=ls_li_2_1,Michael Keaton,https://www.imdb.com/name/nm0000213/?ref_=ls_li_2_2,Winona Ryder,https://www.imdb.com/name/nm0001573/?ref_=ls_li_2_3,Catherine O'Hara,,,
,https://www.imdb.com/title/tt15433956/?ref_=ls_i_52,https://www.imdb.com/title/tt15433956/?ref_=ls_t_52,52. Hanu Man,2024,2h 38m,,,,7.7,(30K),An imaginary place called Anjanadri where the protagonist gets the powers of Hanuman and fights for Anjanadri.,Director,https://www.imdb.com/name/nm9514022/?ref_=ls_li_1_1,Prasanth Varma,Stars,https://www.imdb.com/name/nm1326000/?ref_=ls_li_2_1,Teja Sajja,https://www.imdb.com/name/nm9611627/?ref_=ls_li_2_2,Amritha Aiyer,https://www.imdb.com/name/nm4174212/?ref_=ls_li_2_3,Varalaxmi Sarathkumar,,,
,https://www.imdb.com/title/tt16366836/?ref_=ls_i_53,https://www.imdb.com/title/tt16366836/?ref_=ls_t_53,53. Venom: The Last Dance,2024,1h 50m,PG-13,41,Metascore,6.0,(155K),Eddie Brock and Venom must make a devastating decision as they're pursued by a mysterious military man and alien monsters from Venom's home world.,Director,https://www.imdb.com/name/nm0545150/?ref_=ls_li_1_1,Kelly Marcel,Stars,https://www.imdb.com/name/nm0362766/?ref_=ls_li_2_1,Tom Hardy,https://www.imdb.com/name/nm0252230/?ref_=ls_li_2_2,Chiwetel Ejiofor,https://www.imdb.com/name/nm1017334/?ref_=ls_li_2_3,Juno Temple,,,
,https://www.imdb.com/title/tt13186482/?ref_=ls_i_54,https://www.imdb.com/title/tt13186482/?ref_=ls_t_54,54. Mufasa: The Lion King,2024,1h 58m,PG,56,Metascore,6.6,(82K),"Mufasa, a cub lost and alone, meets a sympathetic lion named Taka, the heir to a royal bloodline. The chance meeting sets in motion an expansive journey of a group of misfits searching for their destiny.",Director,https://www.imdb.com/name/nm1503575/?ref_=ls_li_1_1,Barry Jenkins,Stars,https://www.imdb.com/name/nm7543974/?ref_=ls_li_2_1,Aaron Pierre,https://www.imdb.com/name/nm5123156/?ref_=ls_li_2_2,Kelvin Harrison Jr.,https://www.imdb.com/name/nm2274707/?ref_=ls_li_2_3,Tiffany Boone,,,
,https://www.imdb.com/title/tt21454134/?ref_=ls_i_55,https://www.imdb.com/title/tt21454134/?ref_=ls_t_55,55. The Bikeriders,2023,1h 56m,R,70,Metascore,6.6,(77K),"After a chance encounter, headstrong Kathy is drawn to Benny, member of Midwestern motorcycle club the Vandals. As the club transforms into a dangerous underworld of violence, Benny must choose between Kathy and his loyalty to the club.",Director,https://www.imdb.com/name/nm2158772/?ref_=ls_li_1_1,Jeff Nichols,Stars,https://www.imdb.com/name/nm2581521/?ref_=ls_li_2_1,Austin Butler,https://www.imdb.com/name/nm3069650/?ref_=ls_li_2_2,Jodie Comer,https://www.imdb.com/name/nm0362766/?ref_=ls_li_2_3,Tom Hardy,,,
,https://www.imdb.com/title/tt22022452/?ref_=ls_i_56,https://www.imdb.com/title/tt22022452/?ref_=ls_t_56,56. Inside Out 2,2024,1h 36m,PG,73,Metascore,7.5,(250K),"A sequel that features Riley entering puberty and experiencing brand new, more complex emotions as a result. As Riley tries to adapt to her teenage years, her old emotions try to adapt to the possibility of being replaced.",Director,https://www.imdb.com/name/nm1626375/?ref_=ls_li_1_1,Kelsey Mann,Stars,https://www.imdb.com/name/nm0688132/?ref_=ls_li_2_1,Amy Poehler,https://www.imdb.com/name/nm1638321/?ref_=ls_li_2_2,Maya Hawke,https://www.imdb.com/name/nm10143485/?ref_=ls_li_2_3,Kensington Tallman,,,
,https://www.imdb.com/title/tt21692408/?ref_=ls_i_57,https://www.imdb.com/title/tt21692408/?ref_=ls_t_57,57. Kung Fu Panda 4,2024,1h 34m,PG,54,Metascore,6.3,(82K),"After Po is tapped to become the Spiritual Leader of the Valley of Peace, he needs to find and train a new Dragon Warrior, while a wicked sorceress plans to re-summon all the master villains whom Po has vanquished to the spirit realm.",Directors,https://www.imdb.com/name/nm0593610/?ref_=ls_li_1_1,Mike Mitchell,Stars,https://www.imdb.com/name/nm7067057/?ref_=ls_li_1_2,Stephanie Stine,https://www.imdb.com/name/nm0085312/?ref_=ls_li_2_1,Jack Black,https://www.imdb.com/name/nm5377144/?ref_=ls_li_2_2,Awkwafina,,https://www.imdb.com/name/nm0205626/?ref_=ls_li_2_3,Viola Davis
,https://www.imdb.com/title/tt13452446/?ref_=ls_i_58,https://www.imdb.com/title/tt13452446/?ref_=ls_t_58,58. Damsel,2024,1h 50m,PG-13,46,Metascore,6.1,(119K),"A dutiful damsel agrees to marry a handsome prince, only to find the royal family has recruited her as a sacrifice to repay an ancient debt.",Director,https://www.imdb.com/name/nm0294379/?ref_=ls_li_1_1,Juan Carlos Fresnadillo,Stars,https://www.imdb.com/name/nm5611121/?ref_=ls_li_2_1,Millie Bobby Brown,https://www.imdb.com/name/nm0935653/?ref_=ls_li_2_2,Ray Winstone,https://www.imdb.com/name/nm0000291/?ref_=ls_li_2_3,Angela Bassett,,,
,https://www.imdb.com/title/tt4772188/?ref_=ls_i_59,https://www.imdb.com/title/tt4772188/?ref_=ls_t_59,59. Flow,2024,1h 25m,PG,87,Metascore,7.8,(127K),"Cat is a solitary animal, but as its home is devastated by a great flood, he finds refuge on a boat populated by various species, and will have to team up with them despite their differences.",Director,https://www.imdb.com/name/nm6478535/?ref_=ls_li_1_1,Gints Zilbalodis,,,,,,,,,,
